Bank,Year,Month,Media Category,dollars
Bank of America,2023,April 2023,Audio,4834904
Bank of America,2023,April 2023,Digital,207207
Bank of America,2023,April 2023,Outdoor,7053
Bank of America,2023,April 2023,Television,111625
Bank of America,2023,August 2023,Audio,1584780
Bank of America,2023,August 2023,Digital,30602
Bank of America,2023,August 2023,Outdoor,189363
Bank of America,2023,August 2023,Television,711
Bank of America,2023,December 2023,Audio,1024746
Bank of America,2023,December 2023,Digital,133205
Bank of America,2023,December 2023,Outdoor,49719
Bank of America,2023,December 2023,Television,5917566
Bank of America,2023,July 2023,Audio,1233902
Bank of America,2023,July 2023,Digital,51202
Bank of America,2023,July 2023,Outdoor,66493
Bank of America,2023,July 2023,Television,523
Bank of America,2023,June 2023,Audio,2480476
Bank of America,2023,June 2023,Digital,57575
Bank of America,2023,June 2023,Television,1236
Bank of America,2023,March 2023,Audio,3699835
Bank of America,2023,March 2023,Digital,19678
Bank of America,2023,March 2023,Outdoor,13053
Bank of America,2023,March 2023,Television,14202749
Bank of America,2023,May 2023,Audio,5646814
Bank of America,2023,May 2023,Digital,30989
Bank of America,2023,May 2023,Print,37594
Bank of America,2023,May 2023,Television,6281
Bank of America,2023,November 2023,Audio,5506678
Bank of America,2023,November 2023,Digital,117892
Bank of America,2023,November 2023,Outdoor,203405
Bank of America,2023,November 2023,Television,9209461
Bank of America,2023,October 2023,Audio,9371172
Bank of America,2023,October 2023,Digital,74385
Bank of America,2023,October 2023,Outdoor,428453
Bank of America,2023,October 2023,Television,8979950
Bank of America,2023,September 2023,Audio,10650489
Bank of America,2023,September 2023,Digital,151158
Bank of America,2023,September 2023,Outdoor,351386
Bank of America,2023,September 2023,Print,37594
Bank of America,2023,September 2023,Television,1940332
Bank of America,2024,April 2024,Audio,4756664
Bank of America,2024,April 2024,Digital,500986
Bank of America,2024,April 2024,Outdoor,104968
Bank of America,2024,April 2024,Television,6751259
Bank of America,2024,August 2024,Audio,5181582
Bank of America,2024,August 2024,Digital,1223707
Bank of America,2024,August 2024,Outdoor,138679
Bank of America,2024,August 2024,Television,7176836
Bank of America,2024,December 2024,Audio,338473
Bank of America,2024,December 2024,Digital,151007
Bank of America,2024,December 2024,Television,85550
Bank of America,2024,February 2024,Audio,552064
Bank of America,2024,February 2024,Digital,42253
Bank of America,2024,February 2024,Outdoor,48970
Bank of America,2024,February 2024,Television,3428839
Bank of America,2024,January 2024,Audio,667903
Bank of America,2024,January 2024,Digital,162505
Bank of America,2024,January 2024,Outdoor,22372
Bank of America,2024,January 2024,Television,11040573
Bank of America,2024,July 2024,Audio,3021013
Bank of America,2024,July 2024,Digital,1102831
Bank of America,2024,July 2024,Outdoor,108009
Bank of America,2024,July 2024,Print,37594
Bank of America,2024,July 2024,Television,6252069
Bank of America,2024,June 2024,Audio,2312226
Bank of America,2024,June 2024,Digital,227491
Bank of America,2024,June 2024,Outdoor,52119
Bank of America,2024,June 2024,Television,2332145
Bank of America,2024,March 2024,Audio,1804583
Bank of America,2024,March 2024,Digital,479203
Bank of America,2024,March 2024,Outdoor,601979
Bank of America,2024,March 2024,Print,15300
Bank of America,2024,March 2024,Television,22599266
Bank of America,2024,May 2024,Audio,2989825
Bank of America,2024,May 2024,Digital,773070
Bank of America,2024,May 2024,Outdoor,12619
Bank of America,2024,May 2024,Print,37594
Bank of America,2024,May 2024,Television,4620243
Bank of America,2024,November 2024,Audio,149200
Bank of America,2024,November 2024,Digital,278038
Bank of America,2024,November 2024,Outdoor,6240
Bank of America,2024,November 2024,Television,83952
Bank of America,2024,October 2024,Audio,3876927
Bank of America,2024,October 2024,Digital,384629
Bank of America,2024,October 2024,Outdoor,147170
Bank of America,2024,October 2024,Television,179345
Bank of America,2024,September 2024,Audio,6249970
Bank of America,2024,September 2024,Digital,789373
Bank of America,2024,September 2024,Outdoor,202802
Bank of America,2024,September 2024,Print,46344
Bank of America,2024,September 2024,Television,3659020
Bank of America,2025,February 2025,Audio,1813391
Bank of America,2025,February 2025,Digital,20824204
Bank of America,2025,February 2025,Outdoor,45132
Bank of America,2025,February 2025,Television,10300
Bank of America,2025,January 2025,Audio,315165
Bank of America,2025,January 2025,Digital,1362903
Bank of America,2025,January 2025,Outdoor,3282
Bank of America,2025,January 2025,Television,85275
Bank of America,2025,March 2025,Audio,0
Bank of America,2025,March 2025,Digital,8291687
Bank of America,2025,March 2025,Outdoor,28131
Bank of America,2025,March 2025,Television,29920
Capital One Bank,2023,April 2023,Audio,2176441
Capital One Bank,2023,April 2023,Digital,985298
Capital One Bank,2023,April 2023,Outdoor,1442039
Capital One Bank,2023,April 2023,Television,9927428
Capital One Bank,2023,August 2023,Audio,1509647
Capital One Bank,2023,August 2023,Digital,1122168
Capital One Bank,2023,August 2023,Outdoor,1425448
Capital One Bank,2023,August 2023,Television,1750856
Capital One Bank,2023,December 2023,Audio,1486737
Capital One Bank,2023,December 2023,Digital,3712961
Capital One Bank,2023,December 2023,Outdoor,445527
Capital One Bank,2023,December 2023,Streaming,213517
Capital One Bank,2023,December 2023,Television,11192862
Capital One Bank,2023,July 2023,Audio,2642573
Capital One Bank,2023,July 2023,Digital,1282436
Capital One Bank,2023,July 2023,Outdoor,1270201
Capital One Bank,2023,July 2023,Television,4199243
Capital One Bank,2023,June 2023,Audio,1875124
Capital One Bank,2023,June 2023,Digital,1010627
Capital One Bank,2023,June 2023,Outdoor,801950
Capital One Bank,2023,June 2023,Television,2445314
Capital One Bank,2023,March 2023,Audio,1456321
Capital One Bank,2023,March 2023,Digital,929391
Capital One Bank,2023,March 2023,Outdoor,1391524
Capital One Bank,2023,March 2023,Television,28581643
Capital One Bank,2023,May 2023,Audio,2608568
Capital One Bank,2023,May 2023,Digital,956205
Capital One Bank,2023,May 2023,Outdoor,1449372
Capital One Bank,2023,May 2023,Television,3684330
Capital One Bank,2023,November 2023,Audio,1796671
Capital One Bank,2023,November 2023,Digital,3649487
Capital One Bank,2023,November 2023,Outdoor,444304
Capital One Bank,2023,November 2023,Television,6535647
Capital One Bank,2023,October 2023,Audio,2400773
Capital One Bank,2023,October 2023,Cinema,493086
Capital One Bank,2023,October 2023,Digital,1519990
Capital One Bank,2023,October 2023,Outdoor,1882132
Capital One Bank,2023,October 2023,Television,10253962
Capital One Bank,2023,September 2023,Audio,1966602
Capital One Bank,2023,September 2023,Digital,966914
Capital One Bank,2023,September 2023,Outdoor,1810754
Capital One Bank,2023,September 2023,Television,4228061
Capital One Bank,2024,April 2024,Audio,2593114
Capital One Bank,2024,April 2024,Digital,2610965
Capital One Bank,2024,April 2024,Outdoor,258241
Capital One Bank,2024,April 2024,Television,8194539
Capital One Bank,2024,August 2024,Audio,2505811
Capital One Bank,2024,August 2024,Digital,3070582
Capital One Bank,2024,August 2024,Outdoor,411035
Capital One Bank,2024,August 2024,Television,4075705
Capital One Bank,2024,December 2024,Audio,3763397
Capital One Bank,2024,December 2024,Cinema,1162687
Capital One Bank,2024,December 2024,Digital,3937579
Capital One Bank,2024,December 2024,Outdoor,894538
Capital One Bank,2024,December 2024,Streaming,309200
Capital One Bank,2024,December 2024,Television,6841320
Capital One Bank,2024,February 2024,Audio,2915381
Capital One Bank,2024,February 2024,Digital,2335794
Capital One Bank,2024,February 2024,Outdoor,351716
Capital One Bank,2024,February 2024,Television,2752099
Capital One Bank,2024,January 2024,Audio,5162164
Capital One Bank,2024,January 2024,Digital,2966989
Capital One Bank,2024,January 2024,Outdoor,321560
Capital One Bank,2024,January 2024,Television,5772945
Capital One Bank,2024,July 2024,Audio,2892200
Capital One Bank,2024,July 2024,Digital,2808902
Capital One Bank,2024,July 2024,Outdoor,273070
Capital One Bank,2024,July 2024,Television,4186551
Capital One Bank,2024,June 2024,Audio,2239031
Capital One Bank,2024,June 2024,Digital,1511805
Capital One Bank,2024,June 2024,Outdoor,325741
Capital One Bank,2024,June 2024,Television,4402661
Capital One Bank,2024,March 2024,Audio,1657577
Capital One Bank,2024,March 2024,Digital,2369409
Capital One Bank,2024,March 2024,Outdoor,283046
Capital One Bank,2024,March 2024,Television,15762041
Capital One Bank,2024,May 2024,Audio,1728173
Capital One Bank,2024,May 2024,Digital,2100032
Capital One Bank,2024,May 2024,Outdoor,373549
Capital One Bank,2024,May 2024,Television,3868581
Capital One Bank,2024,November 2024,Audio,3390910
Capital One Bank,2024,November 2024,Cinema,521053
Capital One Bank,2024,November 2024,Digital,3516600
Capital One Bank,2024,November 2024,Outdoor,550709
Capital One Bank,2024,November 2024,Streaming,151312
Capital One Bank,2024,November 2024,Television,9234923
Capital One Bank,2024,October 2024,Audio,2582481
Capital One Bank,2024,October 2024,Digital,2465489
Capital One Bank,2024,October 2024,Outdoor,521203
Capital One Bank,2024,October 2024,Streaming,135609
Capital One Bank,2024,October 2024,Television,9570977
Capital One Bank,2024,September 2024,Audio,2164485
Capital One Bank,2024,September 2024,Digital,4259528
Capital One Bank,2024,September 2024,Outdoor,563106
Capital One Bank,2024,September 2024,Streaming,265949
Capital One Bank,2024,September 2024,Television,6736541
Capital One Bank,2025,February 2025,Audio,2067124
Capital One Bank,2025,February 2025,Digital,4825141
Capital One Bank,2025,February 2025,Outdoor,310939
Capital One Bank,2025,February 2025,Television,3033665
Capital One Bank,2025,January 2025,Audio,1965000
Capital One Bank,2025,January 2025,Digital,5828021
Capital One Bank,2025,January 2025,Outdoor,466100
Capital One Bank,2025,January 2025,Television,10617754
Capital One Bank,2025,March 2025,Audio,0
Capital One Bank,2025,March 2025,Digital,4974291
Capital One Bank,2025,March 2025,Outdoor,327660
Capital One Bank,2025,March 2025,Television,9807878
Cash App Bank,2023,April 2023,Digital,5392388
Cash App Bank,2023,April 2023,Television,6592
Cash App Bank,2023,August 2023,Digital,40455
Cash App Bank,2023,July 2023,Digital,6693
Cash App Bank,2023,July 2023,Television,273
Cash App Bank,2023,June 2023,Digital,4493772
Cash App Bank,2023,June 2023,Television,375608
Cash App Bank,2023,March 2023,Digital,2969429
Cash App Bank,2023,March 2023,Television,15903
Cash App Bank,2023,May 2023,Digital,3711480
Cash App Bank,2023,May 2023,Television,305953
Cash App Bank,2023,October 2023,Digital,8570
Cash App Bank,2023,September 2023,Digital,29097
Cash App Bank,2023,September 2023,Television,6678
Cash App Bank,2024,April 2024,Television,6108
Cash App Bank,2024,August 2024,Outdoor,3
Cash App Bank,2024,August 2024,Television,17645
Cash App Bank,2024,December 2024,Audio,930
Cash App Bank,2024,December 2024,Cinema,3584
Cash App Bank,2024,December 2024,Digital,74298
Cash App Bank,2024,February 2024,Television,5848
Cash App Bank,2024,January 2024,Digital,149
Cash App Bank,2024,January 2024,Television,17112
Cash App Bank,2024,July 2024,Television,11614
Cash App Bank,2024,June 2024,Television,1837924
Cash App Bank,2024,March 2024,Television,6420
Cash App Bank,2024,November 2024,Cinema,294166
Cash App Bank,2024,October 2024,Cinema,104577
Cash App Bank,2024,October 2024,Digital,6295
Cash App Bank,2024,September 2024,Cinema,225931
Cash App Bank,2024,September 2024,Digital,85131
Cash App Bank,2024,September 2024,Television,28532
Cash App Bank,2025,February 2025,Digital,8
Cash App Bank,2025,February 2025,Outdoor,182340
Cash App Bank,2025,January 2025,Digital,128
Cash App Bank,2025,January 2025,Television,1390000
Cash App Bank,2025,March 2025,Digital,62733
Cash App Bank,2025,March 2025,Outdoor,330593
Cash App Bank,2025,March 2025,Television,148366
Chase Bank,2023,April 2023,Audio,610123
Chase Bank,2023,April 2023,Digital,145281
Chase Bank,2023,April 2023,Outdoor,82919
Chase Bank,2023,April 2023,Television,3581032
Chase Bank,2023,August 2023,Audio,1402570
Chase Bank,2023,August 2023,Cinema,97911
Chase Bank,2023,August 2023,Digital,592879
Chase Bank,2023,August 2023,Outdoor,3650
Chase Bank,2023,August 2023,Television,5629479
Chase Bank,2023,December 2023,Audio,1288001
Chase Bank,2023,December 2023,Cinema,4104
Chase Bank,2023,December 2023,Digital,1554584
Chase Bank,2023,December 2023,Outdoor,14920
Chase Bank,2023,December 2023,Television,7741663
Chase Bank,2023,July 2023,Audio,2593560
Chase Bank,2023,July 2023,Cinema,358206
Chase Bank,2023,July 2023,Digital,758486
Chase Bank,2023,July 2023,Outdoor,2906
Chase Bank,2023,July 2023,Television,4517173
Chase Bank,2023,June 2023,Audio,1414163
Chase Bank,2023,June 2023,Digital,569137
Chase Bank,2023,June 2023,Outdoor,1921
Chase Bank,2023,June 2023,Television,6866664
Chase Bank,2023,March 2023,Audio,1321105
Chase Bank,2023,March 2023,Digital,191560
Chase Bank,2023,March 2023,Outdoor,326568
Chase Bank,2023,March 2023,Television,6645317
Chase Bank,2023,May 2023,Audio,1692151
Chase Bank,2023,May 2023,Digital,420066
Chase Bank,2023,May 2023,Outdoor,6412
Chase Bank,2023,May 2023,Television,7216728
Chase Bank,2023,November 2023,Audio,3474382
Chase Bank,2023,November 2023,Cinema,216
Chase Bank,2023,November 2023,Digital,1260259
Chase Bank,2023,November 2023,Outdoor,15874
Chase Bank,2023,November 2023,Television,6993962
Chase Bank,2023,October 2023,Audio,3737436
Chase Bank,2023,October 2023,Digital,872679
Chase Bank,2023,October 2023,Outdoor,15350
Chase Bank,2023,October 2023,Television,10516937
Chase Bank,2023,September 2023,Audio,2553840
Chase Bank,2023,September 2023,Digital,847048
Chase Bank,2023,September 2023,Outdoor,4146
Chase Bank,2023,September 2023,Television,8120594
Chase Bank,2024,April 2024,Audio,2861368
Chase Bank,2024,April 2024,Digital,5804328
Chase Bank,2024,April 2024,Outdoor,4094
Chase Bank,2024,April 2024,Television,4158065
Chase Bank,2024,August 2024,Audio,3711454
Chase Bank,2024,August 2024,Digital,23038856
Chase Bank,2024,August 2024,Outdoor,13062
Chase Bank,2024,August 2024,Television,15337940
Chase Bank,2024,December 2024,Audio,1807880
Chase Bank,2024,December 2024,Digital,3957687
Chase Bank,2024,December 2024,Outdoor,109229
Chase Bank,2024,December 2024,Television,8852705
Chase Bank,2024,February 2024,Audio,2239070
Chase Bank,2024,February 2024,Cinema,176
Chase Bank,2024,February 2024,Digital,845958
Chase Bank,2024,February 2024,Outdoor,520
Chase Bank,2024,February 2024,Television,10535506
Chase Bank,2024,January 2024,Audio,1794440
Chase Bank,2024,January 2024,Digital,878284
Chase Bank,2024,January 2024,Outdoor,3364
Chase Bank,2024,January 2024,Television,4542946
Chase Bank,2024,July 2024,Audio,3726045
Chase Bank,2024,July 2024,Cinema,1920
Chase Bank,2024,July 2024,Digital,3818945
Chase Bank,2024,July 2024,Outdoor,6675
Chase Bank,2024,July 2024,Television,6628910
Chase Bank,2024,June 2024,Audio,2745752
Chase Bank,2024,June 2024,Digital,3900971
Chase Bank,2024,June 2024,Outdoor,9458
Chase Bank,2024,June 2024,Television,6632766
Chase Bank,2024,March 2024,Audio,2797331
Chase Bank,2024,March 2024,Cinema,3374
Chase Bank,2024,March 2024,Digital,4206169
Chase Bank,2024,March 2024,Outdoor,468
Chase Bank,2024,March 2024,Television,11537457
Chase Bank,2024,May 2024,Audio,2201886
Chase Bank,2024,May 2024,Digital,5674596
Chase Bank,2024,May 2024,Outdoor,4106
Chase Bank,2024,May 2024,Television,7412018
Chase Bank,2024,November 2024,Audio,2455824
Chase Bank,2024,November 2024,Digital,4535324
Chase Bank,2024,November 2024,Outdoor,541
Chase Bank,2024,November 2024,Television,8586194
Chase Bank,2024,October 2024,Audio,3827541
Chase Bank,2024,October 2024,Digital,12055955
Chase Bank,2024,October 2024,Outdoor,1307
Chase Bank,2024,October 2024,Television,10129786
Chase Bank,2024,September 2024,Audio,4162795
Chase Bank,2024,September 2024,Digital,15686112
Chase Bank,2024,September 2024,Outdoor,5885
Chase Bank,2024,September 2024,Television,17658001
Chase Bank,2025,February 2025,Audio,1957016
Chase Bank,2025,February 2025,Digital,1872298
Chase Bank,2025,February 2025,Television,13665236
Chase Bank,2025,January 2025,Audio,1121821
Chase Bank,2025,January 2025,Digital,1778234
Chase Bank,2025,January 2025,Outdoor,268
Chase Bank,2025,January 2025,Television,6093856
Chase Bank,2025,March 2025,Audio,0
Chase Bank,2025,March 2025,Digital,1905267
Chase Bank,2025,March 2025,Outdoor,12668
Chase Bank,2025,March 2025,Television,14309824
Chime Bank,2023,April 2023,Digital,797427
Chime Bank,2023,April 2023,Television,8690664
Chime Bank,2023,August 2023,Digital,957134
Chime Bank,2023,August 2023,Television,8264444
Chime Bank,2023,December 2023,Digital,5104198
Chime Bank,2023,December 2023,Streaming,133611
Chime Bank,2023,December 2023,Television,11232938
Chime Bank,2023,July 2023,Digital,1620423
Chime Bank,2023,July 2023,Television,8836826
Chime Bank,2023,June 2023,Digital,1005763
Chime Bank,2023,June 2023,Television,10753737
Chime Bank,2023,March 2023,Digital,3479390
Chime Bank,2023,March 2023,Television,10160399
Chime Bank,2023,May 2023,Digital,1295512
Chime Bank,2023,May 2023,Television,11113324
Chime Bank,2023,November 2023,Digital,2421993
Chime Bank,2023,November 2023,Streaming,201896
Chime Bank,2023,November 2023,Television,7160401
Chime Bank,2023,October 2023,Digital,630221
Chime Bank,2023,October 2023,Television,8058546
Chime Bank,2023,September 2023,Digital,235798
Chime Bank,2023,September 2023,Television,8266558
Chime Bank,2024,April 2024,Digital,999777
Chime Bank,2024,April 2024,Television,9778784
Chime Bank,2024,August 2024,Digital,152080
Chime Bank,2024,August 2024,Television,12182354
Chime Bank,2024,December 2024,Digital,9608
Chime Bank,2024,December 2024,Streaming,166461
Chime Bank,2024,December 2024,Television,13805615
Chime Bank,2024,February 2024,Digital,6984743
Chime Bank,2024,February 2024,Television,10437334
Chime Bank,2024,January 2024,Digital,10723107
Chime Bank,2024,January 2024,Television,11240416
Chime Bank,2024,July 2024,Digital,274331
Chime Bank,2024,July 2024,Television,10037507
Chime Bank,2024,June 2024,Digital,222713
Chime Bank,2024,June 2024,Television,12901140
Chime Bank,2024,March 2024,Digital,4898840
Chime Bank,2024,March 2024,Television,10886076
Chime Bank,2024,May 2024,Digital,574380
Chime Bank,2024,May 2024,Television,11972848
Chime Bank,2024,November 2024,Digital,54067
Chime Bank,2024,November 2024,Streaming,183579
Chime Bank,2024,November 2024,Television,12681184
Chime Bank,2024,October 2024,Digital,49651
Chime Bank,2024,October 2024,Streaming,112817
Chime Bank,2024,October 2024,Television,18649701
Chime Bank,2024,September 2024,Digital,71440
Chime Bank,2024,September 2024,Streaming,0
Chime Bank,2024,September 2024,Television,21193591
Chime Bank,2025,February 2025,Digital,3620
Chime Bank,2025,February 2025,Television,6447411
Chime Bank,2025,January 2025,Digital,12469
Chime Bank,2025,January 2025,Television,10919596
Chime Bank,2025,March 2025,Digital,1579
Chime Bank,2025,March 2025,Television,5482335
Key Bank,2023,April 2023,Audio,13889
Key Bank,2023,April 2023,Digital,20856
Key Bank,2023,April 2023,Outdoor,6368
Key Bank,2023,April 2023,Television,254384
Key Bank,2023,August 2023,Audio,247613
Key Bank,2023,August 2023,Digital,82370
Key Bank,2023,August 2023,Outdoor,152262
Key Bank,2023,August 2023,Television,261798
Key Bank,2023,December 2023,Audio,33341
Key Bank,2023,December 2023,Digital,13923
Key Bank,2023,December 2023,Outdoor,6496
Key Bank,2023,December 2023,Television,5464
Key Bank,2023,July 2023,Audio,317560
Key Bank,2023,July 2023,Digital,64128
Key Bank,2023,July 2023,Outdoor,246862
Key Bank,2023,July 2023,Television,185336
Key Bank,2023,June 2023,Audio,213840
Key Bank,2023,June 2023,Digital,27382
Key Bank,2023,June 2023,Outdoor,279530
Key Bank,2023,June 2023,Television,1179046
Key Bank,2023,March 2023,Audio,19318
Key Bank,2023,March 2023,Digital,13810
Key Bank,2023,March 2023,Outdoor,6368
Key Bank,2023,March 2023,Television,470818
Key Bank,2023,May 2023,Audio,14243
Key Bank,2023,May 2023,Digital,1766
Key Bank,2023,May 2023,Outdoor,6368
Key Bank,2023,May 2023,Television,225870
Key Bank,2023,November 2023,Audio,57385
Key Bank,2023,November 2023,Digital,37438
Key Bank,2023,November 2023,Outdoor,20518
Key Bank,2023,November 2023,Television,1571
Key Bank,2023,October 2023,Audio,76470
Key Bank,2023,October 2023,Digital,9037
Key Bank,2023,October 2023,Outdoor,62968
Key Bank,2023,October 2023,Television,386948
Key Bank,2023,September 2023,Audio,62560
Key Bank,2023,September 2023,Digital,67329
Key Bank,2023,September 2023,Outdoor,79957
Key Bank,2023,September 2023,Television,595605
Key Bank,2024,April 2024,Audio,40108
Key Bank,2024,April 2024,Digital,4561
Key Bank,2024,April 2024,Outdoor,6496
Key Bank,2024,April 2024,Television,313006
Key Bank,2024,August 2024,Audio,236547
Key Bank,2024,August 2024,Digital,1612
Key Bank,2024,August 2024,Outdoor,29846
Key Bank,2024,August 2024,Print,35002
Key Bank,2024,August 2024,Television,518930
Key Bank,2024,December 2024,Audio,48697
Key Bank,2024,December 2024,Digital,22789
Key Bank,2024,December 2024,Outdoor,6689
Key Bank,2024,December 2024,Television,27226
Key Bank,2024,February 2024,Audio,41644
Key Bank,2024,February 2024,Digital,1300
Key Bank,2024,February 2024,Outdoor,6496
Key Bank,2024,February 2024,Television,254230
Key Bank,2024,January 2024,Audio,74691
Key Bank,2024,January 2024,Digital,2
Key Bank,2024,January 2024,Outdoor,6496
Key Bank,2024,January 2024,Television,528
Key Bank,2024,July 2024,Audio,277977
Key Bank,2024,July 2024,Digital,2785
Key Bank,2024,July 2024,Outdoor,261657
Key Bank,2024,July 2024,Television,160347
Key Bank,2024,June 2024,Audio,230901
Key Bank,2024,June 2024,Digital,7706
Key Bank,2024,June 2024,Outdoor,161046
Key Bank,2024,June 2024,Television,22204
Key Bank,2024,March 2024,Audio,38697
Key Bank,2024,March 2024,Digital,14526
Key Bank,2024,March 2024,Outdoor,6496
Key Bank,2024,March 2024,Television,309674
Key Bank,2024,May 2024,Audio,75552
Key Bank,2024,May 2024,Digital,5474
Key Bank,2024,May 2024,Outdoor,6496
Key Bank,2024,May 2024,Television,254603
Key Bank,2024,November 2024,Audio,49782
Key Bank,2024,November 2024,Digital,12200
Key Bank,2024,November 2024,Outdoor,6496
Key Bank,2024,November 2024,Television,53300
Key Bank,2024,October 2024,Audio,35271
Key Bank,2024,October 2024,Digital,29870
Key Bank,2024,October 2024,Outdoor,7446
Key Bank,2024,October 2024,Television,7184
Key Bank,2024,September 2024,Audio,31191
Key Bank,2024,September 2024,Digital,30431
Key Bank,2024,September 2024,Outdoor,25546
Key Bank,2024,September 2024,Print,8750
Key Bank,2024,September 2024,Television,614542
Key Bank,2025,February 2025,Audio,41395
Key Bank,2025,February 2025,Digital,23623
Key Bank,2025,February 2025,Outdoor,6689
Key Bank,2025,January 2025,Audio,50210
Key Bank,2025,January 2025,Digital,22038
Key Bank,2025,January 2025,Outdoor,12189
Key Bank,2025,January 2025,Television,9477
Key Bank,2025,March 2025,Audio,0
Key Bank,2025,March 2025,Digital,16416
Key Bank,2025,March 2025,Outdoor,6689
Key Bank,2025,March 2025,Television,383114
PNC Bank,2023,April 2023,Audio,56137
PNC Bank,2023,April 2023,Digital,42768
PNC Bank,2023,April 2023,Outdoor,148813
PNC Bank,2023,April 2023,Television,3793725
PNC Bank,2023,August 2023,Audio,544722
PNC Bank,2023,August 2023,Digital,58826
PNC Bank,2023,August 2023,Outdoor,944055
PNC Bank,2023,August 2023,Television,7072696
PNC Bank,2023,December 2023,Audio,89035
PNC Bank,2023,December 2023,Digital,60472
PNC Bank,2023,December 2023,Outdoor,5625
PNC Bank,2023,December 2023,Television,1264345
PNC Bank,2023,July 2023,Audio,51146
PNC Bank,2023,July 2023,Digital,52806
PNC Bank,2023,July 2023,Outdoor,1399403
PNC Bank,2023,July 2023,Television,4393321
PNC Bank,2023,June 2023,Audio,30510
PNC Bank,2023,June 2023,Digital,59301
PNC Bank,2023,June 2023,Outdoor,1290646
PNC Bank,2023,June 2023,Television,4454233
PNC Bank,2023,March 2023,Audio,34163
PNC Bank,2023,March 2023,Digital,14168
PNC Bank,2023,March 2023,Outdoor,5304
PNC Bank,2023,March 2023,Television,1293
PNC Bank,2023,May 2023,Audio,75361
PNC Bank,2023,May 2023,Digital,62105
PNC Bank,2023,May 2023,Outdoor,852485
PNC Bank,2023,May 2023,Television,7077037
PNC Bank,2023,November 2023,Audio,87561
PNC Bank,2023,November 2023,Digital,47043
PNC Bank,2023,November 2023,Outdoor,5625
PNC Bank,2023,November 2023,Television,1536370
PNC Bank,2023,October 2023,Audio,186536
PNC Bank,2023,October 2023,Digital,49136
PNC Bank,2023,October 2023,Outdoor,144891
PNC Bank,2023,October 2023,Television,213784
PNC Bank,2023,September 2023,Audio,309508
PNC Bank,2023,September 2023,Digital,33608
PNC Bank,2023,September 2023,Outdoor,207883
PNC Bank,2023,September 2023,Television,5357536
PNC Bank,2024,April 2024,Audio,60748
PNC Bank,2024,April 2024,Digital,134378
PNC Bank,2024,April 2024,Outdoor,5625
PNC Bank,2024,April 2024,Television,8311830
PNC Bank,2024,August 2024,Audio,59393
PNC Bank,2024,August 2024,Digital,105520
PNC Bank,2024,August 2024,Outdoor,5965
PNC Bank,2024,August 2024,Television,3399017
PNC Bank,2024,December 2024,Audio,211753
PNC Bank,2024,December 2024,Digital,283115
PNC Bank,2024,December 2024,Outdoor,185757
PNC Bank,2024,December 2024,Television,2668476
PNC Bank,2024,February 2024,Audio,61836
PNC Bank,2024,February 2024,Digital,20982
PNC Bank,2024,February 2024,Outdoor,5625
PNC Bank,2024,February 2024,Television,4095
PNC Bank,2024,January 2024,Audio,96138
PNC Bank,2024,January 2024,Digital,44572
PNC Bank,2024,January 2024,Outdoor,5625
PNC Bank,2024,January 2024,Television,18694
PNC Bank,2024,July 2024,Audio,50625
PNC Bank,2024,July 2024,Digital,144398
PNC Bank,2024,July 2024,Outdoor,5965
PNC Bank,2024,July 2024,Television,1912196
PNC Bank,2024,June 2024,Audio,43996
PNC Bank,2024,June 2024,Digital,148674
PNC Bank,2024,June 2024,Outdoor,5625
PNC Bank,2024,June 2024,Television,4056915
PNC Bank,2024,March 2024,Audio,34815
PNC Bank,2024,March 2024,Digital,158074
PNC Bank,2024,March 2024,Outdoor,5625
PNC Bank,2024,March 2024,Television,6105426
PNC Bank,2024,May 2024,Audio,53965
PNC Bank,2024,May 2024,Digital,56121
PNC Bank,2024,May 2024,Outdoor,5625
PNC Bank,2024,May 2024,Television,7085859
PNC Bank,2024,November 2024,Audio,155375
PNC Bank,2024,November 2024,Digital,303203
PNC Bank,2024,November 2024,Outdoor,396881
PNC Bank,2024,November 2024,Television,8969245
PNC Bank,2024,October 2024,Audio,140592
PNC Bank,2024,October 2024,Digital,354579
PNC Bank,2024,October 2024,Outdoor,362273
PNC Bank,2024,October 2024,Television,11497963
PNC Bank,2024,September 2024,Audio,199088
PNC Bank,2024,September 2024,Digital,165326
PNC Bank,2024,September 2024,Outdoor,29180
PNC Bank,2024,September 2024,Television,5645790
PNC Bank,2025,February 2025,Audio,83652
PNC Bank,2025,February 2025,Digital,149801
PNC Bank,2025,February 2025,Outdoor,5965
PNC Bank,2025,February 2025,Television,5293690
PNC Bank,2025,January 2025,Audio,98990
PNC Bank,2025,January 2025,Digital,121760
PNC Bank,2025,January 2025,Outdoor,9250
PNC Bank,2025,January 2025,Television,4406169
PNC Bank,2025,March 2025,Audio,0
PNC Bank,2025,March 2025,Digital,157243
PNC Bank,2025,March 2025,Outdoor,5965
PNC Bank,2025,March 2025,Television,3968461
Rocket Mortgage Bank,2023,April 2023,Audio,12873
Rocket Mortgage Bank,2023,April 2023,Digital,80938
Rocket Mortgage Bank,2023,April 2023,Television,66725
Rocket Mortgage Bank,2023,August 2023,Audio,682695
Rocket Mortgage Bank,2023,August 2023,Digital,1653153
Rocket Mortgage Bank,2023,August 2023,Outdoor,2500
Rocket Mortgage Bank,2023,August 2023,Television,73584
Rocket Mortgage Bank,2023,December 2023,Audio,2751
Rocket Mortgage Bank,2023,December 2023,Digital,994677
Rocket Mortgage Bank,2023,December 2023,Television,1089614
Rocket Mortgage Bank,2023,July 2023,Audio,1074667
Rocket Mortgage Bank,2023,July 2023,Digital,1138307
Rocket Mortgage Bank,2023,July 2023,Outdoor,8800
Rocket Mortgage Bank,2023,July 2023,Television,2266986
Rocket Mortgage Bank,2023,June 2023,Audio,1393570
Rocket Mortgage Bank,2023,June 2023,Digital,326854
Rocket Mortgage Bank,2023,June 2023,Television,175860
Rocket Mortgage Bank,2023,March 2023,Audio,142582
Rocket Mortgage Bank,2023,March 2023,Digital,48612
Rocket Mortgage Bank,2023,March 2023,Television,35078897
Rocket Mortgage Bank,2023,May 2023,Audio,735435
Rocket Mortgage Bank,2023,May 2023,Digital,127170
Rocket Mortgage Bank,2023,May 2023,Television,86828
Rocket Mortgage Bank,2023,November 2023,Audio,6242
Rocket Mortgage Bank,2023,November 2023,Digital,1193930
Rocket Mortgage Bank,2023,November 2023,Television,931468
Rocket Mortgage Bank,2023,October 2023,Audio,9041
Rocket Mortgage Bank,2023,October 2023,Digital,1433495
Rocket Mortgage Bank,2023,October 2023,Television,92308
Rocket Mortgage Bank,2023,September 2023,Audio,464862
Rocket Mortgage Bank,2023,September 2023,Digital,1689642
Rocket Mortgage Bank,2023,September 2023,Television,304685
Rocket Mortgage Bank,2024,April 2024,Audio,7951
Rocket Mortgage Bank,2024,April 2024,Digital,775753
Rocket Mortgage Bank,2024,April 2024,Television,1726173
Rocket Mortgage Bank,2024,August 2024,Audio,468401
Rocket Mortgage Bank,2024,August 2024,Digital,498125
Rocket Mortgage Bank,2024,August 2024,Outdoor,85105
Rocket Mortgage Bank,2024,August 2024,Television,458283
Rocket Mortgage Bank,2024,December 2024,Audio,15275
Rocket Mortgage Bank,2024,December 2024,Digital,140065
Rocket Mortgage Bank,2024,December 2024,Television,1550442
Rocket Mortgage Bank,2024,February 2024,Audio,12261
Rocket Mortgage Bank,2024,February 2024,Digital,1107800
Rocket Mortgage Bank,2024,February 2024,Television,20476
Rocket Mortgage Bank,2024,January 2024,Audio,10038
Rocket Mortgage Bank,2024,January 2024,Digital,1096623
Rocket Mortgage Bank,2024,January 2024,Television,69
Rocket Mortgage Bank,2024,July 2024,Audio,177
Rocket Mortgage Bank,2024,July 2024,Digital,631831
Rocket Mortgage Bank,2024,July 2024,Outdoor,2250
Rocket Mortgage Bank,2024,June 2024,Audio,3293
Rocket Mortgage Bank,2024,June 2024,Digital,621352
Rocket Mortgage Bank,2024,June 2024,Outdoor,12250
Rocket Mortgage Bank,2024,June 2024,Television,20993
Rocket Mortgage Bank,2024,March 2024,Audio,28847
Rocket Mortgage Bank,2024,March 2024,Digital,668882
Rocket Mortgage Bank,2024,March 2024,Television,19745
Rocket Mortgage Bank,2024,May 2024,Audio,4238
Rocket Mortgage Bank,2024,May 2024,Digital,931698
Rocket Mortgage Bank,2024,November 2024,Audio,606338
Rocket Mortgage Bank,2024,November 2024,Digital,201974
Rocket Mortgage Bank,2024,November 2024,Outdoor,4500
Rocket Mortgage Bank,2024,November 2024,Television,1690969
Rocket Mortgage Bank,2024,October 2024,Audio,1116051
Rocket Mortgage Bank,2024,October 2024,Digital,645158
Rocket Mortgage Bank,2024,October 2024,Outdoor,213456
Rocket Mortgage Bank,2024,October 2024,Television,4058221
Rocket Mortgage Bank,2024,September 2024,Audio,2347335
Rocket Mortgage Bank,2024,September 2024,Digital,5383619
Rocket Mortgage Bank,2024,September 2024,Outdoor,224300
Rocket Mortgage Bank,2024,September 2024,Television,2132692
Rocket Mortgage Bank,2025,February 2025,Audio,990489
Rocket Mortgage Bank,2025,February 2025,Digital,192558
Rocket Mortgage Bank,2025,February 2025,Outdoor,782093
Rocket Mortgage Bank,2025,February 2025,Television,60750
Rocket Mortgage Bank,2025,January 2025,Audio,12256
Rocket Mortgage Bank,2025,January 2025,Digital,374624
Rocket Mortgage Bank,2025,January 2025,Television,2235524
Rocket Mortgage Bank,2025,March 2025,Audio,3647735
Rocket Mortgage Bank,2025,March 2025,Digital,156645
Rocket Mortgage Bank,2025,March 2025,Outdoor,982108
Rocket Mortgage Bank,2025,March 2025,Television,5801447
TD Bank,2023,April 2023,Audio,139
TD Bank,2023,April 2023,Digital,422070
TD Bank,2023,April 2023,Outdoor,297972
TD Bank,2023,April 2023,Television,1754445
TD Bank,2023,August 2023,Digital,766004
TD Bank,2023,August 2023,Outdoor,50794
TD Bank,2023,August 2023,Television,184127
TD Bank,2023,December 2023,Audio,1207
TD Bank,2023,December 2023,Digital,1495345
TD Bank,2023,December 2023,Outdoor,4900
TD Bank,2023,December 2023,Television,92784
TD Bank,2023,July 2023,Digital,900191
TD Bank,2023,July 2023,Outdoor,168670
TD Bank,2023,July 2023,Television,443124
TD Bank,2023,June 2023,Digital,727677
TD Bank,2023,June 2023,Outdoor,26660
TD Bank,2023,June 2023,Television,1346863
TD Bank,2023,March 2023,Audio,333
TD Bank,2023,March 2023,Digital,350654
TD Bank,2023,March 2023,Outdoor,558933
TD Bank,2023,March 2023,Television,560332
TD Bank,2023,May 2023,Digital,814906
TD Bank,2023,May 2023,Outdoor,103589
TD Bank,2023,May 2023,Television,1322795
TD Bank,2023,November 2023,Digital,1238984
TD Bank,2023,November 2023,Outdoor,21175
TD Bank,2023,November 2023,Television,94831
TD Bank,2023,October 2023,Audio,30
TD Bank,2023,October 2023,Digital,672482
TD Bank,2023,October 2023,Outdoor,112724
TD Bank,2023,October 2023,Television,188107
TD Bank,2023,September 2023,Digital,759972
TD Bank,2023,September 2023,Outdoor,173294
TD Bank,2023,September 2023,Television,190758
TD Bank,2024,April 2024,Audio,2043
TD Bank,2024,April 2024,Digital,816989
TD Bank,2024,April 2024,Outdoor,50145
TD Bank,2024,April 2024,Television,146098
TD Bank,2024,August 2024,Digital,1474254
TD Bank,2024,August 2024,Outdoor,7270
TD Bank,2024,August 2024,Television,6601254
TD Bank,2024,December 2024,Audio,4683
TD Bank,2024,December 2024,Digital,870211
TD Bank,2024,December 2024,Outdoor,100359
TD Bank,2024,December 2024,Television,66980
TD Bank,2024,February 2024,Audio,7749
TD Bank,2024,February 2024,Digital,743396
TD Bank,2024,February 2024,Outdoor,263139
TD Bank,2024,February 2024,Television,91337
TD Bank,2024,January 2024,Audio,10602
TD Bank,2024,January 2024,Digital,1201578
TD Bank,2024,January 2024,Outdoor,41196
TD Bank,2024,January 2024,Television,122555
TD Bank,2024,July 2024,Digital,1049010
TD Bank,2024,July 2024,Outdoor,85136
TD Bank,2024,July 2024,Television,260754
TD Bank,2024,June 2024,Audio,1965
TD Bank,2024,June 2024,Digital,988600
TD Bank,2024,June 2024,Outdoor,18949
TD Bank,2024,June 2024,Television,418443
TD Bank,2024,March 2024,Audio,1052
TD Bank,2024,March 2024,Digital,670448
TD Bank,2024,March 2024,Outdoor,141421
TD Bank,2024,March 2024,Television,201929
TD Bank,2024,May 2024,Audio,800
TD Bank,2024,May 2024,Digital,742204
TD Bank,2024,May 2024,Outdoor,52793
TD Bank,2024,May 2024,Television,209175
TD Bank,2024,November 2024,Audio,1278
TD Bank,2024,November 2024,Digital,803576
TD Bank,2024,November 2024,Outdoor,84803
TD Bank,2024,November 2024,Television,134120
TD Bank,2024,October 2024,Audio,418
TD Bank,2024,October 2024,Digital,803451
TD Bank,2024,October 2024,Outdoor,24859
TD Bank,2024,October 2024,Television,244327
TD Bank,2024,September 2024,Audio,6290
TD Bank,2024,September 2024,Digital,814815
TD Bank,2024,September 2024,Outdoor,12150
TD Bank,2024,September 2024,Television,3194428
TD Bank,2025,February 2025,Audio,2041
TD Bank,2025,February 2025,Digital,729141
TD Bank,2025,February 2025,Outdoor,85522
TD Bank,2025,February 2025,Television,212647
TD Bank,2025,January 2025,Audio,3566
TD Bank,2025,January 2025,Digital,1078494
TD Bank,2025,January 2025,Outdoor,157261
TD Bank,2025,January 2025,Television,284171
TD Bank,2025,March 2025,Audio,0
TD Bank,2025,March 2025,Digital,930910
TD Bank,2025,March 2025,Outdoor,84417
TD Bank,2025,March 2025,Television,397252
US Bank,2023,April 2023,Audio,1260149
US Bank,2023,April 2023,Digital,862380
US Bank,2023,April 2023,Television,3214181
US Bank,2023,August 2023,Audio,888103
US Bank,2023,August 2023,Digital,720423
US Bank,2023,August 2023,Outdoor,38998
US Bank,2023,August 2023,Television,1777446
US Bank,2023,December 2023,Audio,113431
US Bank,2023,December 2023,Digital,2714348
US Bank,2023,December 2023,Outdoor,5527
US Bank,2023,December 2023,Print,12510
US Bank,2023,December 2023,Television,2395236
US Bank,2023,July 2023,Audio,993875
US Bank,2023,July 2023,Digital,733787
US Bank,2023,July 2023,Outdoor,78899
US Bank,2023,July 2023,Television,2296503
US Bank,2023,June 2023,Audio,747628
US Bank,2023,June 2023,Digital,768709
US Bank,2023,June 2023,Outdoor,61404
US Bank,2023,June 2023,Television,2824678
US Bank,2023,March 2023,Audio,708259
US Bank,2023,March 2023,Digital,799216
US Bank,2023,March 2023,Outdoor,21403
US Bank,2023,March 2023,Television,2851216
US Bank,2023,May 2023,Audio,668526
US Bank,2023,May 2023,Digital,879551
US Bank,2023,May 2023,Outdoor,2654
US Bank,2023,May 2023,Television,2863363
US Bank,2023,November 2023,Audio,212663
US Bank,2023,November 2023,Digital,3014135
US Bank,2023,November 2023,Outdoor,34188
US Bank,2023,November 2023,Television,3717713
US Bank,2023,October 2023,Audio,659176
US Bank,2023,October 2023,Digital,1934870
US Bank,2023,October 2023,Outdoor,19431
US Bank,2023,October 2023,Television,4376279
US Bank,2023,September 2023,Audio,549946
US Bank,2023,September 2023,Digital,1066710
US Bank,2023,September 2023,Outdoor,14631
US Bank,2023,September 2023,Print,7988
US Bank,2023,September 2023,Television,4417681
US Bank,2024,April 2024,Audio,4182
US Bank,2024,April 2024,Digital,2135802
US Bank,2024,April 2024,Outdoor,288
US Bank,2024,April 2024,Television,469990
US Bank,2024,August 2024,Audio,77113
US Bank,2024,August 2024,Digital,2284671
US Bank,2024,August 2024,Outdoor,293
US Bank,2024,August 2024,Television,2186940
US Bank,2024,December 2024,Audio,21361
US Bank,2024,December 2024,Digital,1077051
US Bank,2024,December 2024,Outdoor,8121
US Bank,2024,December 2024,Television,2231140
US Bank,2024,February 2024,Audio,44230
US Bank,2024,February 2024,Digital,3253633
US Bank,2024,February 2024,Outdoor,1327
US Bank,2024,February 2024,Television,1142601
US Bank,2024,January 2024,Audio,54265
US Bank,2024,January 2024,Digital,3072899
US Bank,2024,January 2024,Outdoor,1327
US Bank,2024,January 2024,Print,7988
US Bank,2024,January 2024,Television,2217919
US Bank,2024,July 2024,Audio,73569
US Bank,2024,July 2024,Digital,2812114
US Bank,2024,July 2024,Outdoor,288
US Bank,2024,July 2024,Television,2379001
US Bank,2024,June 2024,Audio,3946
US Bank,2024,June 2024,Digital,3689561
US Bank,2024,June 2024,Outdoor,288
US Bank,2024,June 2024,Television,2617939
US Bank,2024,March 2024,Audio,7235
US Bank,2024,March 2024,Digital,2769956
US Bank,2024,March 2024,Outdoor,1327
US Bank,2024,March 2024,Television,1165873
US Bank,2024,May 2024,Audio,5166
US Bank,2024,May 2024,Digital,2415069
US Bank,2024,May 2024,Outdoor,288
US Bank,2024,May 2024,Television,2956002
US Bank,2024,November 2024,Audio,22244
US Bank,2024,November 2024,Digital,915977
US Bank,2024,November 2024,Outdoor,8279
US Bank,2024,November 2024,Television,3515454
US Bank,2024,October 2024,Audio,117006
US Bank,2024,October 2024,Digital,1313755
US Bank,2024,October 2024,Outdoor,18559
US Bank,2024,October 2024,Television,3397032
US Bank,2024,September 2024,Audio,200240
US Bank,2024,September 2024,Digital,2351733
US Bank,2024,September 2024,Outdoor,18238
US Bank,2024,September 2024,Print,7988
US Bank,2024,September 2024,Television,6951601
US Bank,2025,February 2025,Audio,10440
US Bank,2025,February 2025,Digital,1145130
US Bank,2025,February 2025,Outdoor,379
US Bank,2025,February 2025,Television,69928
US Bank,2025,January 2025,Audio,10232
US Bank,2025,January 2025,Digital,857036
US Bank,2025,January 2025,Outdoor,337
US Bank,2025,January 2025,Print,33008
US Bank,2025,January 2025,Television,473948
US Bank,2025,March 2025,Audio,0
US Bank,2025,March 2025,Digital,1197289
US Bank,2025,March 2025,Outdoor,329
US Bank,2025,March 2025,Television,1191294
Wells Fargo,2023,April 2023,Audio,13639
Wells Fargo,2023,April 2023,Digital,150377
Wells Fargo,2023,April 2023,Outdoor,4135
Wells Fargo,2023,April 2023,Television,4691464
Wells Fargo,2023,August 2023,Audio,234084
Wells Fargo,2023,August 2023,Digital,469689
Wells Fargo,2023,August 2023,Outdoor,75960
Wells Fargo,2023,August 2023,Television,1778048
Wells Fargo,2023,December 2023,Audio,435627
Wells Fargo,2023,December 2023,Digital,434544
Wells Fargo,2023,December 2023,Outdoor,36015
Wells Fargo,2023,December 2023,Television,1641901
Wells Fargo,2023,July 2023,Audio,1825773
Wells Fargo,2023,July 2023,Digital,632609
Wells Fargo,2023,July 2023,Outdoor,16439
Wells Fargo,2023,July 2023,Television,1570036
Wells Fargo,2023,June 2023,Audio,769071
Wells Fargo,2023,June 2023,Digital,452365
Wells Fargo,2023,June 2023,Outdoor,32734
Wells Fargo,2023,June 2023,Television,2193412
Wells Fargo,2023,March 2023,Audio,1348609
Wells Fargo,2023,March 2023,Digital,215544
Wells Fargo,2023,March 2023,Outdoor,3676
Wells Fargo,2023,March 2023,Television,788541
Wells Fargo,2023,May 2023,Audio,765851
Wells Fargo,2023,May 2023,Digital,309480
Wells Fargo,2023,May 2023,Outdoor,4600
Wells Fargo,2023,May 2023,Print,18139
Wells Fargo,2023,May 2023,Television,5331655
Wells Fargo,2023,November 2023,Audio,1202568
Wells Fargo,2023,November 2023,Digital,321541
Wells Fargo,2023,November 2023,Outdoor,90531
Wells Fargo,2023,November 2023,Print,8000
Wells Fargo,2023,November 2023,Television,1333532
Wells Fargo,2023,October 2023,Audio,59070
Wells Fargo,2023,October 2023,Digital,155166
Wells Fargo,2023,October 2023,Outdoor,186765
Wells Fargo,2023,October 2023,Television,3540896
Wells Fargo,2023,September 2023,Audio,356142
Wells Fargo,2023,September 2023,Digital,241731
Wells Fargo,2023,September 2023,Outdoor,162652
Wells Fargo,2023,September 2023,Television,2002508
Wells Fargo,2024,April 2024,Audio,471269
Wells Fargo,2024,April 2024,Digital,323438
Wells Fargo,2024,April 2024,Outdoor,70801
Wells Fargo,2024,April 2024,Television,242710
Wells Fargo,2024,August 2024,Audio,613943
Wells Fargo,2024,August 2024,Digital,1984951
Wells Fargo,2024,August 2024,Outdoor,57241
Wells Fargo,2024,August 2024,Television,757259
Wells Fargo,2024,December 2024,Audio,780227
Wells Fargo,2024,December 2024,Digital,873589
Wells Fargo,2024,December 2024,Outdoor,317720
Wells Fargo,2024,December 2024,Television,41992
Wells Fargo,2024,February 2024,Audio,2087031
Wells Fargo,2024,February 2024,Digital,417168
Wells Fargo,2024,February 2024,Outdoor,49918
Wells Fargo,2024,February 2024,Television,1095233
Wells Fargo,2024,January 2024,Audio,56013
Wells Fargo,2024,January 2024,Digital,400746
Wells Fargo,2024,January 2024,Outdoor,20539
Wells Fargo,2024,January 2024,Television,8041292
Wells Fargo,2024,July 2024,Audio,316743
Wells Fargo,2024,July 2024,Digital,2055963
Wells Fargo,2024,July 2024,Outdoor,149014
Wells Fargo,2024,July 2024,Television,855337
Wells Fargo,2024,June 2024,Audio,2061098
Wells Fargo,2024,June 2024,Digital,889439
Wells Fargo,2024,June 2024,Outdoor,52343
Wells Fargo,2024,June 2024,Television,872331
Wells Fargo,2024,March 2024,Audio,1270778
Wells Fargo,2024,March 2024,Digital,454192
Wells Fargo,2024,March 2024,Outdoor,70828
Wells Fargo,2024,March 2024,Television,62500
Wells Fargo,2024,May 2024,Audio,855496
Wells Fargo,2024,May 2024,Digital,251825
Wells Fargo,2024,May 2024,Outdoor,47194
Wells Fargo,2024,May 2024,Television,4332633
Wells Fargo,2024,November 2024,Audio,772299
Wells Fargo,2024,November 2024,Digital,728585
Wells Fargo,2024,November 2024,Outdoor,117031
Wells Fargo,2024,November 2024,Television,61610
Wells Fargo,2024,October 2024,Audio,81733
Wells Fargo,2024,October 2024,Digital,518221
Wells Fargo,2024,October 2024,Outdoor,92479
Wells Fargo,2024,October 2024,Television,105396
Wells Fargo,2024,September 2024,Audio,1402408
Wells Fargo,2024,September 2024,Digital,1768573
Wells Fargo,2024,September 2024,Outdoor,157361
Wells Fargo,2024,September 2024,Television,35191
Wells Fargo,2025,February 2025,Audio,1744745
Wells Fargo,2025,February 2025,Digital,159517
Wells Fargo,2025,February 2025,Outdoor,41403
Wells Fargo,2025,February 2025,Television,859507
Wells Fargo,2025,January 2025,Audio,1087321
Wells Fargo,2025,January 2025,Digital,85753
Wells Fargo,2025,January 2025,Outdoor,90395
Wells Fargo,2025,January 2025,Television,1246103
Wells Fargo,2025,March 2025,Audio,0
Wells Fargo,2025,March 2025,Digital,774469
Wells Fargo,2025,March 2025,Outdoor,53276
Wells Fargo,2025,March 2025,Television,258
